episode,episode_length,episode_reward,frame,step,total_time
0.0,1000.0,145.2823203934824,0,0.0,0.0010001659393310547
