episode,episode_length,episode_reward,frame,step,total_time
0.0,1000.0,145.2823203934824,0,0.0,0.0009987354278564453
10.0,1000.0,155.78543889735985,10000,10000.0,68.9786651134491
