episode,episode_length,episode_reward,frame,step,total_time
0.0,1000.0,145.2823203934824,0,0.0,0.0009980201721191406
10.0,1000.0,186.2524664257771,10000,10000.0,536.8590931892395
