buffer_size,episode,episode_length,episode_reward,fps,frame,step,total_time
5000.0,5.0,1000.0,130.79797774906356,8.720149043282285,5000,5000.0,114.67693901062012
