episode,episode_length,episode_reward,frame,step,total_time
0.0,1000.0,145.2823203934824,0,0.0,0.0010013580322265625
10.0,1000.0,155.78543889735985,10000,10000.0,76.58023977279663
20.0,1000.0,140.15447719176407,20000,20000.0,175.02892231941223
